id,name,gender,affiliation,origin_region,race,devil_fruit,devil_fruit_type,haki_types,bounty,height_cm,age,status,first_appearance_arc,arc_debut_rank,image_url,difficulty_level,political_affiliation_group
1,Alvida,Female,Cross Guild;Buggy Pirates,East Blue,Human,Sube Sube no Mi,Paramecia,None,5000000,198,27,Alive,Romance Dawn,1,https://oparchive.com/images/characters/Alvida.webp,1,Pirates
2,Benn Beckman,Male,Red Hair Pirates,North Blue,Human,None,None,Armament,-1,206,50,Alive,Romance Dawn,1,https://oparchive.com/images/characters/Benn_Beckman.webp,2,Pirates
3,Curly Dadan,Female,None,East Blue,Human,None,None,None,7800000,221,55,Alive,Romance Dawn,1,https://oparchive.com/images/characters/Curly_Dadan.webp,2,None
4,Gol D. Roger,Male,Roger Pirates,East Blue,Human,None,None,Conquerors;Observation;Armament,5564800000,274,53,Deceased,Romance Dawn,1,https://oparchive.com/images/characters/Gol_D._Roger.webp,1,Pirates
5,Helmeppo,Male,Marine;SWORD,East Blue,Human,None,None,Armament,100000000,179,22,Alive,Romance Dawn,1,https://oparchive.com/images/characters/Helmeppo.webp,1,Marine
6,Higuma,Male,None,East Blue,Human,None,None,None,8000000,190,46,Deceased,Romance Dawn,1,https://oparchive.com/images/characters/Higuma.webp,3,None
7,Koby,Male,Marine;SWORD,East Blue,Human,None,None,Observation;Armament,500000000,167,18,Alive,Romance Dawn,1,https://oparchive.com/images/characters/Koby.webp,1,Marine
8,Lucky Roux,Male,Red Hair Pirates,South Blue,Human,None,None,Armament,-1,241,35,Alive,Romance Dawn,1,https://oparchive.com/images/characters/Lucky_Roux.webp,2,Pirates
9,Monkey D. Luffy,Male,Straw Hat Pirates,East Blue (Dawn),Human,Hito Hito no Mi Model: Nika (Awakened),Zoan,Conquerors;Observation;Armament,3000000000,174,19,Alive,Romance Dawn,1,https://oparchive.com/images/characters/Monkey_D._Luffy.webp,1,Pirates
10,Morgan,Male,None;Marine,East Blue,Human,None,None,None,0,285,44,Alive,Romance Dawn,1,https://oparchive.com/images/characters/Morgan.webp,3,None
11,Roronoa Zoro,Male,Straw Hat Pirates,East Blue,Human,None,None,Conquerors;Observation;Armament,1111000000,181,21,Alive,Romance Dawn,1,https://oparchive.com/images/characters/Roronoa_Zoro.webp,1,Pirates
12,Shanks,Male,Red Hair Pirates,West Blue (God Valley),Human,None,None,Conquerors;Observation;Armament,4048900000,199,39,Alive,Romance Dawn,1,https://oparchive.com/images/characters/Shanks.webp,1,Pirates
13,Yasopp,Male,Red Hair Pirates,East Blue,Human,None,None,Observation,-1,183,47,Alive,Romance Dawn,1,https://oparchive.com/images/characters/Yasopp.webp,2,Pirates
14,Buggy,Male,Cross Guild;Seven Warlords;Buggy Pirates,Grand Line,Human,Bara Bara no Mi,Paramecia,None,3189000000,192,39,Alive,Orange Town,2,https://oparchive.com/images/characters/Buggy.webp,1,Pirates
15,Cabaji,Male,Cross Guild;Buggy Pirates,East Blue,Human,None,None,None,-1,208,34,Alive,Orange Town,2,https://oparchive.com/images/characters/Cabaji.webp,3,Pirates
16,Mohji,Male,Cross Guild;Buggy Pirates,East Blue,Human,None,None,None,-1,197,29,Alive,Orange Town,2,https://oparchive.com/images/characters/Mohji.webp,3,Pirates
17,Nami,Female,Straw Hat Pirates,East Blue,Human,None,None,None,366000000,170,20,Alive,Orange Town,2,https://oparchive.com/images/characters/Nami.webp,1,Pirates
18,Richie,Male,Cross Guild;Buggy Pirates,East Blue,Animal,None,None,None,-1,-1,-1,Alive,Orange Town,2,https://oparchive.com/images/characters/Richie.webp,3,Pirates
19,Jango,Male,Marine;Black Cat Pirates,East Blue,Human,None,None,None,1000000,207,29,Alive,Syrup Village,3,https://oparchive.com/images/characters/Jango.webp,3,Marine
20,Kuro,Male,Black Cat Pirates,East Blue,Human,None,None,None,16000000,207,35,Alive,Syrup Village,3,https://oparchive.com/images/characters/Kuro.webp,2,Pirates
21,Usopp,Male,Straw Hat Pirates,East Blue,Human,None,None,Observation,500000000,176,19,Alive,Syrup Village,3,https://oparchive.com/images/characters/Usopp.webp,1,Pirates
22,Gin,Male,Krieg Pirates,East Blue,Human,None,None,None,12000000,186,27,Alive,Baratie,4,https://oparchive.com/images/characters/Gin.webp,3,Pirates
23,Krieg,Male,Krieg Pirates,East Blue,Human,None,None,None,17000000,243,44,Alive,Baratie,4,https://oparchive.com/images/characters/Krieg.webp,2,Pirates
24,Dracule Mihawk,Male,Cross Guild;Seven Warlords,Grand Line,Human,None,None,Observation;Armament,3590000000,198,43,Alive,Baratie,4,https://oparchive.com/images/characters/Dracule_Mihawk.webp,1,Pirates
25,Fullbody,Male,Marine,North Blue,Human,None,None,None,1000000,184,26,Alive,Baratie,4,https://oparchive.com/images/characters/Fullbody.webp,3,Marine
26,Sanji,Male,Straw Hat Pirates,North Blue,Human,None,None,Observation;Armament,1032000000,180,21,Alive,Baratie,4,https://oparchive.com/images/characters/Sanji.webp,1,Pirates
27,Zeff,Male,Baratie,East Blue,Human,None,None,None,0,189,67,Alive,Baratie,4,https://oparchive.com/images/characters/Zeff.webp,2,None
28,Arlong,Male,Arlong Pirates,Grand Line (Fishman),Fish-man,None,None,None,20000000,263,41,Alive,Arlong Park,5,https://oparchive.com/images/characters/Arlong.webp,1,Pirates
29,Hatchan,Male,None;Arlong Pirates,Grand Line (Fishman),Fish-man,None,None,None,8000000,220,38,Alive,Arlong Park,5,https://oparchive.com/images/characters/Hatchan.webp,2,Pirates
30,Monkey D. Garp,Male,Marine;SWORD,East Blue (Dawn),Human,None,None,Conquerors;Observation;Armament,3000000000,287,78,Alive,Arlong Park,5,https://oparchive.com/images/characters/Monkey_D._Garp.webp,1,Marine
31,Monkey D. Dragon,Male,Revolutionary Army,East Blue (Dawn),Human,Unknown,Unknown,Unknown,-1,256,55,Alive,Loguetown,6,https://oparchive.com/images/characters/Monkey_D._Dragon.webp,1,Revolutionary Army
32,Smoker,Male,Marine,Grand Line,Human,Moku Moku no Mi,Logia,Observation;Armament,500000000,209,36,Alive,Loguetown,6,https://oparchive.com/images/characters/Smoker.webp,1,Marine
33,Tashigi,Female,Marine,East Blue,Human,None,None,Observation;Armament,100000000,170,23,Alive,Loguetown,6,https://oparchive.com/images/characters/Tashigi.webp,1,Marine
34,Crocus,Male,Laboon,Grand Line,Human,None,None,Observation,-1,203,73,Alive,Reverse Mountain,7,https://oparchive.com/images/characters/Crocus.webp,2,None
35,Laboon,Male,Crocus,West Blue,Animal,None,None,None,0,40000,53,Alive,Reverse Mountain,7,https://oparchive.com/images/characters/Laboon.webp,3,None
36,Nefertari Vivi,Female,Alabasta Kingdom,Grand Line (Alabasta),Human,None,None,None,0,169,18,Alive,Reverse Mountain,7,https://oparchive.com/images/characters/Nefertari_Vivi.webp,2,World Government
37,Nico Robin,Female,Straw Hat Pirates,West Blue,Human,Hana Hana no Mi,Paramecia,None,930000000,188,30,Alive,Whisky Peak,8,https://oparchive.com/images/characters/Nico_Robin.webp,1,Pirates
38,Gem [Mr. 5],Male,Baroque Works,South Blue,Human,Bomu Bomu no Mi,Paramecia,None,10000000,197,26,Alive,Whisky Peak,8,https://oparchive.com/images/characters/Gem.webp,2,Pirates
39,Igaram,Male,Alabasta Kingdom,Grand Line (Alabasta),Human,None,None,None,0,218,50,Alive,Whisky Peak,8,https://oparchive.com/images/characters/Igaram.webp,2,World Government
40,Mikita [Miss Valentine],Female,Baroque Works,West Blue,Human,Kiro Kiro no Mi,Paramecia,None,7500000,177,24,Alive,Whisky Peak,8,https://oparchive.com/images/characters/Mikita.webp,2,Pirates
41,Brogy,Male,Giant Warrior Pirates,Grand Line (Elbaf),Giant,None,None,Armament,1800000000,2130,160,Alive,Little Garden,9,https://oparchive.com/images/characters/Brogy.webp,1,Pirates
42,Dorry,Male,Giant Warrior Pirates,Grand Line (Elbaf),Giant,None,None,Armament,1800000000,2260,160,Alive,Little Garden,9,https://oparchive.com/images/characters/Dorry.webp,1,Pirates
43,Bentham (Bon Clay) [Mr. 2],Male,None,East Blue,Human,Mane Mane no Mi,Paramecia,None,32000000,238,32,Alive,Little Garden,9,https://oparchive.com/images/characters/Bentham.webp,1,None
44,Crocodile,Male,Cross Guild;Seven Warlords;Baroque Works,Grand Line,Human,Suna Suna no Mi,Logia,Observation;Armament,1965000000,253,46,Alive,Little Garden,9,https://oparchive.com/images/characters/Crocodile.webp,1,Pirates
45,Galdino [Mr. 3],Male,Cross Guild;Baroque Works,South Blue,Human,Doru Doru no Mi,Paramecia,None,24000000,179,37,Alive,Little Garden,9,https://oparchive.com/images/characters/Galdino.webp,1,Pirates
46,Marianne [Miss Goldenweek],Female,Baroque Works,North Blue,Human,None,None,None,29000000,145,18,Alive,Little Garden,9,https://oparchive.com/images/characters/Marianne.webp,2,Pirates
47,Tony Tony Chopper,Male,Straw Hat Pirates,Grand Line (Drum),Animal,Hito Hito no Mi,Zoan,None,1000,90,17,Alive,Drum Island,10,https://oparchive.com/images/characters/Tony_Tony_Chopper.webp,1,Pirates
48,Dalton,Male,Sakura Kingdom,Grand Line (Drum),Human,Ushi Ushi no Mi Model: Bison,Zoan,None,0,218,35,Alive,Drum Island,10,https://oparchive.com/images/characters/Dalton.webp,3,World Government
49,Wapol,Male,Evil Black Drum Kingdom,Grand Line (Drum),Human,Baku Baku no Mi,Paramecia,None,0,207,29,Alive,Drum Island,10,https://oparchive.com/images/characters/Wapol.webp,2,World Government
50,Portgas D. Ace,Male,Whitebeard Pirates,South Blue,Human,Mera Mera no Mi,Logia,Conquerors;Observation;Armament,550000000,185,20,Deceased,Alabasta,11,https://oparchive.com/images/characters/Portgas_D._Ace.webp,1,Pirates
51,Babe [Mr. 4],Male,Baroque Works,Grand Line,Human,None,None,None,3200000,218,30,Alive,Alabasta,11,https://oparchive.com/images/characters/Babe.webp,2,Pirates
52,Chaka,Male,Alabasta Kingdom,Grand Line (Alabasta),Human,Inu Inu no Mi Model: Jackal,Zoan,None,0,213,41,Alive,Alabasta,11,https://oparchive.com/images/characters/Chaka.webp,3,World Government
53,Daz Bonez [Mr. 1],Male,Cross Guild;Baroque Works,West Blue,Human,Supa Supa no Mi,Paramecia,Unknown,75000000,212,31,Alive,Alabasta,11,https://oparchive.com/images/characters/Daz_Bonez.webp,1,Pirates
54,Drophy [Miss Merry Christmas],Female,Baroque Works,Grand Line,Human,Mogu Mogu no Mi,Zoan,None,14000000,156,51,Alive,Alabasta,11,https://oparchive.com/images/characters/Drophy.webp,2,Pirates
55,Hina,Female,Marine,West Blue,Human,Ori Ori no Mi,Paramecia,Armament,200000000,181,34,Alive,Alabasta,11,https://oparchive.com/images/characters/Hina.webp,2,Marine
56,Koza,Male,Alabasta Kingdom,Grand Line (Alabasta),Human,None,None,None,0,177,22,Alive,Alabasta,11,https://oparchive.com/images/characters/Koza.webp,3,World Government
57,Nefertari Cobra,Male,Alabasta Kingdom,Grand Line (Alabasta),Human,None,None,None,0,182,50,Deceased,Alabasta,11,https://oparchive.com/images/characters/Nefertari_Cobra.webp,2,World Government
58,Pell,Male,Alabasta Kingdom,Grand Line (Alabasta),Human,Tori Tori no Mi Model: Falcon,Zoan,None,0,189,35,Alive,Alabasta,11,https://oparchive.com/images/characters/Pell.webp,2,World Government
59,Zala [Miss Doublefinger],Female,Baroque Works,Grand Line,Human,Toge Toge no Mi,Paramecia,None,35000000,187,28,Alive,Alabasta,11,https://oparchive.com/images/characters/Zala.webp,2,Pirates
60,Bellamy,Male,Donquixote Pirates,North Blue,Human,Bane Bane no Mi,Paramecia,Observation;Armament,195000000,240,25,Alive,Jaya,12,https://oparchive.com/images/characters/Bellamy.webp,1,Pirates
61,Doc Q,Male,Blackbeard Pirates,North Blue,Human,Shiku Shiku no Mi,Paramecia,None,-1,342,28,Alive,Jaya,12,https://oparchive.com/images/characters/Doc_Q.webp,2,Pirates
62,Donquixote Doflamingo,Male,Donquixote Pirates;Seven Warlords,Red Line (Mary Geoise),Human,Ito Ito no Mi (Awakened),Paramecia,Conquerors;Observation;Armament,340000000,305,41,Alive,Jaya,12,https://oparchive.com/images/characters/Donquixote_Doflamingo.webp,1,Pirates
63,Edward Newgate [Whitebeard],Male,Whitebeard Pirates,Grand Line,Human,Gura Gura no Mi,Paramecia,Conquerors;Observation;Armament,5046000000,666,72,Deceased,Jaya,12,https://oparchive.com/images/characters/Edward_Newgate.webp,1,Pirates
64,Jesus Burgess,Male,Blackbeard Pirates,Grand Line,Human,Riki Riki no Mi,Paramecia,Observation;Armament,-1,355,29,Alive,Jaya,12,https://oparchive.com/images/characters/Jesus_Burgess.webp,2,Pirates
65,Jozu,Male,Whitebeard Pirates,West Blue,Human,Kira Kira no Mi,Paramecia,Observation;Armament,-1,503,42,Alive,Jaya,12,https://oparchive.com/images/characters/Jozu.webp,2,Pirates
66,Ethanbaron V. Nusjuro,Male,World Government,Red Line (Mary Geoise),Human,None,None,Conquerors;Observation;Armament,0,-1,-1,Alive,Jaya,12,https://oparchive.com/images/characters/Ethanbaron_V._Nusjuro.webp,3,World Govenrment
67,Jaygarcia Saturn,Male,World Government,Red Line (Mary Geoise),Human,None,None,Conquerors;Observation,0,-1,-1,Deceased,Jaya,12,https://oparchive.com/images/characters/Jaygarcia_Saturn.webp,2,World Govenrment
68,Laffitte,Male,Blackbeard Pirates,West Blue,Human,Unnamed Wings Devil Fruit,Unknown,None,-1,340,41,Alive,Jaya,12,https://oparchive.com/images/characters/Laffitte.webp,2,Pirates
69,Marshall D. Teach [Blackbeard],Male,Blackbeard Pirates;Seven Warlords,Grand Line,Human,Yami Yami no Mi,Logia,Observation;Armament,3996000000,344,40,Alive,Jaya,12,https://oparchive.com/images/characters/Teach.webp,1,Pirates
70,Masira,Male,Saruyama Alliance;Masira Pirates,North Blue,Human,None,None,None,23000000,345,25,Alive,Jaya,12,https://oparchive.com/images/characters/Masira.webp,3,Pirates
71,Marcus Mars,Male,World Government,Red Line (Mary Geoise),Human,None,None,Conquerors;Observation,0,-1,-1,Alive,Jaya,12,https://oparchive.com/images/characters/Marcus_Mars.webp,2,World Govenrment
72,Polo Marco,Male,Whitebeard Pirates,Grand Line,Human,Tori Tori no Mi Model: Phoenix,Zoan,Observation;Armament,1374000000,203,45,Alive,Jaya,12,https://oparchive.com/images/characters/Marco.webp,1,Pirates
73,Sarquiss,Male,Bellamy Pirates;Donquixote Pirates,North Blue,Human,None,None,None,38000000,228,27,Unknown,Jaya,12,https://oparchive.com/images/characters/Sarquiss.webp,3,Pirates
74,Mont Blanc Cricket,Male,Saruyama Alliance,North Blue,Human,None,None,None,25000000,242,43,Alive,Jaya,12,https://oparchive.com/images/characters/Mont_Blanc_Cricket.webp,2,Pirates
75,Shoujou,Male,Saruyama Alliance;Shoujou Pirates,South Blue,Human,None,None,None,36000000,351,25,Alive,Jaya,12,https://oparchive.com/images/characters/Shoujou.webp,3,Pirates
76,Stronger,Male,Blackbeard Pirates,Grand Line,Animal,Uma Uma no Mi Model: Pegasus,Zoan,None,0,-1,-1,Alive,Jaya,12,https://oparchive.com/images/characters/Stronger.webp,3,Pirates
77,Sengoku,Male,Marine,South Blue,Human,Hito Hito no Mi Model: Daibutsu,Zoan,Conquerors;Observation;Armament,0,278,79,Alive,Jaya,12,https://oparchive.com/images/characters/Sengoku.webp,1,Marine
78,Shepherd Ju Peter,Male,World Government,Red Line (Mary Geoise),Human,None,None,Observation,0,-1,-1,Alive,Jaya,12,https://oparchive.com/images/characters/Shepherd_Ju_Peter.webp,2,World Govenrment
79,Van Augur,Male,Blackbeard Pirates,East Blue,Human,Wapu Wapu no Mi,Paramecia,None,-1,340,27,Alive,Jaya,12,https://oparchive.com/images/characters/Van_Augur.webp,2,Pirates
80,Topman Warcury,Male,World Government,Red Line (Mary Geoise),Human,None,None,Conquerors;Observation,0,-1,-1,Alive,Jaya,12,https://oparchive.com/images/characters/Topman_Warcury.webp,2,World Govenrment
81,Tsuru,Female,Marine,North Blue,Human,Woshu Woshu no Mi,Paramecia,Observation;Armament,500000000,204,76,Alive,Jaya,12,https://oparchive.com/images/characters/Tsuru.webp,3,Marine
82,Enel,Male,None,Sky Island,Moon people - Birkan,Goro Goro no Mi,Logia,Observation,0,266,39,Alive,Skypiea,13,https://oparchive.com/images/characters/Enel.webp,1,None
83,Gan Fall,Male,Skypiea,Sky Island,Moon people - Skypiean,None,None,None,0,180,68,Alive,Skypiea,13,https://oparchive.com/images/characters/Gan_Fall.webp,2,None
84,Kalgara,Male,Shandia,Grand Line,Moon people - Shandian,None,None,Observation,0,222,39,Deceased,Skypiea,13,https://oparchive.com/images/characters/Kalgara.webp,2,None
85,Foxy,Male,Foxy Pirates,South Blue,Human,Noro Noro no Mi,Paramecia,None,24000000,180,38,Alive,Long Ring Long Land,14,https://oparchive.com/images/characters/Foxy.webp,2,Pirates
86,Hamburg,Male,Foxy Pirates,Grand Line,Human,None,None,None,-1,-1,-1,Alive,Long Ring Long Land,14,https://oparchive.com/images/characters/Hamburg.webp,3,Pirates
87,Kuzan [Aokiji],Male,Blackbeard Pirates,South Blue,Human,Hie Hie no Mi,Logia,Observation;Armament,-1,298,49,Alive,Long Ring Long Land,14,https://oparchive.com/images/characters/Kuzan.webp,1,Pirates
88,Porche,Female,Foxy Pirates,Grand Line,Human,None,None,None,-1,-1,-1,Alive,Long Ring Long Land,14,https://oparchive.com/images/characters/Porche.webp,3,Pirates
89,Cutty Flam [Franky],Male,Straw Hat Pirates,South Blue,Human,None,None,None,394000000,240,36,Alive,Water 7,15,https://oparchive.com/images/characters/Franky.webp,1,Pirates
90,Blueno,Male,CP0,North Blue,Human,Doa Doa no Mi,Paramecia,Observation;Armament,0,258,30,Alive,Water 7,15,https://oparchive.com/images/characters/Blueno.webp,2,World Government
91,Funkfreed,Male,CP0,Grand Line,Object,Zou Zou no Mi,Zoan,None,0,-1,-1,Alive,Water 7,15,https://oparchive.com/images/characters/Funkfreed.webp,3,World Government
92,Iceburg,Male,Galley-La Company,Grand Line (Water 7),Human,None,None,None,0,199,41,Alive,Water 7,15,https://oparchive.com/images/characters/Iceburg.webp,2,None
93,Kaku,Male,CP0,East Blue,Human,Ushi Ushi no Mi Model: Giraffe (Awakened),Zoan,Observation;Armament,0,193,25,Alive,Water 7,15,https://oparchive.com/images/characters/Kaku.webp,1,World Government
94,Kalifa,Female,CP0,Grand Line,Human,Awa Awa no Mi,Paramecia,Observation;Armament,0,185,27,Alive,Water 7,15,https://oparchive.com/images/characters/Kalifa.webp,2,World Government
95,Paulie,Male,Galley-La Company,Grand Line (Water 7),Human,None,None,None,0,195,26,Alive,Water 7,15,https://oparchive.com/images/characters/Paulie.webp,2,None
96,Rob Lucci,Male,CP0,Grand Line,Human,Neko Neko no Mi Model: Leopard (Awakened),Zoan,Observation;Armament,0,212,30,Alive,Water 7,15,https://oparchive.com/images/characters/Rob_Lucci.webp,1,World Government
97,Spandam,Male,CP0,Grand Line,Human,None,None,None,0,192,41,Alive,Water 7,15,https://oparchive.com/images/characters/Spandam.webp,2,World Government
98,T Bone,Male,Marine,Grand Line,Human,None,None,Armament,500000000,200,51,Deceased,Water 7,15,https://oparchive.com/images/characters/T_Bone.webp,3,Marine
99,Clou D. Clover,Male,None,West Blue (Ohara),Human,None,None,None,0,172,85,Deceased,Enies Lobby,16,https://oparchive.com/images/characters/Clou_D._Clover.webp,3,None
100,Fukurou,Male,CP0,Grand Line,Human,None,None,Observation;Armament,0,331,31,Alive,Enies Lobby,16,https://oparchive.com/images/characters/Fukurou.webp,2,World Government
101,Jabra,Male,CP0,North Blue,Human,Inu Inu no Mi Model: Wolf,Zoan,Observation;Armament,0,212,37,Alive,Enies Lobby,16,https://oparchive.com/images/characters/Jabra.webp,2,World Government
102,Jaguar D. Saul,Male,Walrus School,South Blue,Giant,None,None,Armament,0,1950,127,Alive,Enies Lobby,16,https://oparchive.com/images/characters/Jaguar_D._Saul.webp,1,None
103,Kumadori,Male,CP0,South Blue,Human,None,None,Observation;Armament,0,338,36,Alive,Enies Lobby,16,https://oparchive.com/images/characters/Kumadori.webp,2,World Government
104,Momonga,Male,Marine,Grand Line,Human,None,None,Observation;Armament,500000000,251,48,Alive,Enies Lobby,16,https://oparchive.com/images/characters/Momonga.webp,3,Marine
105,Nico Olivia,Female,None,West Blue (Ohara),Human,None,None,None,79000000,186,33,Deceased,Enies Lobby,16,https://oparchive.com/images/characters/Nico_Olvia.webp,3,None
106,Sakazuki [Akainu],Male,Marine,North Blue,Human,Magu Magu no Mi,Logia,Observation;Armament,5000000000,306,55,Alive,Enies Lobby,16,https://oparchive.com/images/characters/Sakazuki.webp,1,Marine
107,Absalom,Male,Thriller Bark Pirates,West Blue,Human,Suke Suke no Mi,Paramecia,None,-1,195,34,Deceased,Thriller Bark,18,https://oparchive.com/images/characters/Absalom.webp,2,Pirates
108,Brook,Male,Straw Hat Pirates,West Blue (Esperia),Human,Yomi Yomi no Mi,Paramecia,None,383000000,277,90,Alive,Thriller Bark,18,https://oparchive.com/images/characters/Brook.webp,1,Pirates
109,Charlotte Lola,Female,Rolling Pirates,Grand Line (Totto Land),Human,None,None,None,24000000,215,26,Alive,Thriller Bark,18,https://oparchive.com/images/characters/Charlotte_Lola.webp,3,Pirates
110,Bartholomew Kuma,Male,Revolutionary Army;Seven Warlords,South Blue,Human-Buccaneer,Nikyu Nikyu no Mi,Paramecia,Observation;Armament,296000000,689,47,Alive,Thriller Bark,18,https://oparchive.com/images/characters/Bartholomew_Kuma.webp,1,Revolutionary Army
111,Gecko Moria [Kouzuki Moria],Male,Thriller Bark Pirates;Seven Warlords,West Blue,Human,Kage Kage no Mi,Paramecia,None,320000000,692,50,Alive,Thriller Bark,18,https://oparchive.com/images/characters/Gecko_Moria.webp,1,Pirates
112,Hogback,Male,Thriller Bark Pirates,West Blue,Human,None,None,None,-1,223,47,Alive,Thriller Bark,18,https://oparchive.com/images/characters/Hogback.webp,2,Pirates
113,Perona,Female,Thriller Bark Pirates,West Blue,Human,Horo Horo no Mi,Paramecia,None,-1,160,25,Alive,Thriller Bark,18,https://oparchive.com/images/characters/Perona.webp,2,Pirates
114,Shimotsuki Ryuma,Male,Thriller Bark Pirates,Grand Line (Wano),Human,None,None,Armament,0,179,47,Deceased,Thriller Bark,18,https://oparchive.com/images/characters/Shimotsuki_Ryuma.webp,2,Pirates
115,Silvers Rayleigh,Male,None;Roger Pirates,Unknown,Human,None,None,Conquerors;Observation;Armament,-1,188,78,Alive,Sabaody Archipelago,19,https://oparchive.com/images/characters/Silvers_Rayleigh.webp,1,Pirates
116,Basil Hawkins,Male,Hawkins Pirates,North Blue,Human,Wara Wara no Mi,Paramecia,Observation;Armament,320000000,210,31,Unknown,Sabaody Archipelago,19,https://oparchive.com/images/characters/Basil_Hawkins.webp,2,Pirates
117,Bepo,Male,Heart Pirates,Grand Line (Zou),Mink,None,None,None,1500,240,22,Alive,Sabaody Archipelago,19,https://oparchive.com/images/characters/Bepo.webp,1,Pirates
118,Capone Bege,Male,Fire Tank Pirates,West Blue,Human,Shiro Shiro no Mi,Paramecia,Armament,350000000,166,42,Alive,Sabaody Archipelago,19,https://oparchive.com/images/characters/Capone_Bege.webp,1,Pirates
119,Borsalino [Kizaru],Male,Marine,North Blue,Human,Pika Pika no Mi,Logia,Observation;Armament,3000000000,302,58,Alive,Sabaody Archipelago,19,https://oparchive.com/images/characters/Borsalino.webp,1,Marine
120,Eustass Kid,Male,Kid Pirates,South Blue,Human,Jiki Jiki no Mi (Awakened),Paramecia,Conquerors;Observation;Armament,3000000000,205,23,Unknown,Sabaody Archipelago,19,https://oparchive.com/images/characters/Eustass_Kid.webp,1,Pirates
121,Jewelry Bonney,Female,Bonney Pirates,Red Line (Mary Geoise),Human,Toshi Toshi no Mi,Paramecia,Armament,320000000,174,12,Alive,Sabaody Archipelago,19,https://oparchive.com/images/characters/Jewelry_Bonney.webp,1,Pirates
122,Killer,Male,Kid Pirates,South Blue,Human,None,None,Observation;Armament,200000000,195,27,Unknown,Sabaody Archipelago,19,https://oparchive.com/images/characters/Killer.webp,1,Pirates
123,Scratchmen Apoo,Male,On Air Pirates,Grand Line,Human-Longarm,Oto Oto no Mi,Paramecia,Observation;Armament,350000000,256,29,Alive,Sabaody Archipelago,19,https://oparchive.com/images/characters/Scratchmen_Apoo.webp,1,Pirates
124,Trafalgar D. Water Law,Male,Heart Pirates;Seven Warlords,North Blue,Human,Ope Ope no Mi (Awakened),Paramecia,Observation;Armament,3000000000,191,26,Alive,Sabaody Archipelago,19,https://oparchive.com/images/characters/Trafalgar_D._Water_Law.webp,1,Pirates
125,Sentomaru,Male,Marine,Grand Line,Human,None,None,Observation;Armament,500000000,279,34,Alive,Sabaody Archipelago,19,https://oparchive.com/images/characters/Sentomaru.webp,2,Marine
126,Urouge,Male,Fallen Monk Pirates,Sky Island,Moon people - Unknown,Unnamed Paramecia,Paramecia,None,108000000,388,47,Alive,Sabaody Archipelago,19,https://oparchive.com/images/characters/Urouge.webp,2,Pirates
127,X Drake,Male,Marine;SWORD,North Blue,Human,Ryu Ryu no Mi Model: Allosaurus,Zoan,Observation;Armament,222000000,233,33,Alive,Sabaody Archipelago,19,https://oparchive.com/images/characters/X_Drake.webp,1,Marine
128,Boa Hancock,Female,Kuja Pirates,Calm Belt (Amazon Lily),Human,Mero Mero no Mi,Paramecia,Conquerors;Observation;Armament,1659000000,191,29,Alive,Amazon Lily,20,https://oparchive.com/images/characters/Boa_Hancock.webp,1,Pirates
129,Boa Marigold,Female,Kuja Pirates,Calm Belt (Amazon Lily),Human,Hebi Hebi no Mi Model: King Cobra,Zoan,Observation;Armament,40000000,432,28,Alive,Amazon Lily,20,https://oparchive.com/images/characters/Boa_Marigold.webp,3,Pirates
130,Boa Sandersonia,Female,Kuja Pirates,Calm Belt (Amazon Lily),Human,Hebi Hebi no Mi Model: Anaconda,Zoan,Observation;Armament,40000000,453,30,Alive,Amazon Lily,20,https://oparchive.com/images/characters/Boa_Sandersonia.webp,3,Pirates
131,Jinbe,Male,Straw Hat Pirates;Seven Warlords,Grand Line (Fishman),Fish-man,None,None,Observation;Armament,1100000000,301,46,Alive,Impel Down,21,https://oparchive.com/images/characters/Jinbe.webp,1,Pirates
132,Emporio Ivankov,Male,Revolutionary Army,Grand Line,Human,Horu Horu no Mi,Paramecia,Unknown,100000000,449,53,Alive,Impel Down,21,https://oparchive.com/images/characters/Emporio_Ivankov.webp,1,Revolutionary Army
133,Hannyabal,Male,Marine,South Blue,Human,None,None,None,0,309,35,Alive,Impel Down,21,https://oparchive.com/images/characters/Hannyabal.webp,2,Marine
134,Inazuma,Male,Revolutionary Army,South Blue,Human,Choki Choki no Mi,Paramecia,None,100000000,228,29,Alive,Impel Down,21,https://oparchive.com/images/characters/Inazuma.webp,2,Revolutionary Army
135,Shiryu,Male,Blackbeard Pirates,Grand Line,Human,Suke Suke no Mi,Paramecia,Armament,-1,340,44,Alive,Impel Down,21,https://oparchive.com/images/characters/Shiryu.webp,1,Pirates
136,Magellan,Male,Marine,Grand Line,Human,Doku Doku no Mi,Paramecia,None,0,491,47,Alive,Impel Down,21,https://oparchive.com/images/characters/Magellan.webp,2,Marine
137,Avalo Pizarro,Male,Blackbeard Pirates,North Blue,Human,Shima Shima no Mi,Paramecia,None,-1,505,42,Alive,Marineford,22,https://oparchive.com/images/characters/Avalo_Pizarro.webp,2,Pirates
138,Catarina Devon,Female,Blackbeard Pirates,South Blue,Human,Inu Inu no Mi Model: Kyubi no Kitsune,Zoan,None,-1,361,36,Alive,Marineford,22,https://oparchive.com/images/characters/Catarina_Devon.webp,2,Pirates
139,Bastille,Male,Marine,Grand Line,Human,None,None,Observation;Armament,500000000,291,38,Alive,Marineford,22,https://oparchive.com/images/characters/Bastille.webp,3,Marine
140,Izou,Male,Whitebeard Pirates,Grand Line (Wano),Human,None,None,Observation;Armament,510000000,192,45,Deceased,Marineford,22,https://oparchive.com/images/characters/Izou.webp,2,Pirates
141,Little Oars Jr.,Male,Whitebeard Pirates,Grand Line,Ancient Giant,None,None,None,550000000,6000,72,Unknown,Marineford,22,https://oparchive.com/images/characters/Little_Oars_Jr..webp,3,Pirates
142,Sanjuan Wolf,Male,Blackbeard Pirates,West Blue,Giant,Deka Deka no Mi,Paramecia,None,-1,18000,99,Alive,Marineford,22,https://oparchive.com/images/characters/Sanjuan_Wolf.webp,2,Pirates
143,Squard,Male,Whitebeard Pirates,Grand Line,Human,None,None,None,210000000,228,52,Alive,Marineford,22,https://oparchive.com/images/characters/Squard.webp,3,Pirates
144,Vasco Shot,Male,Blackbeard Pirates,South Blue,Human,Gabu Gabu no Mi,Paramecia,None,-1,573,38,Alive,Marineford,22,https://oparchive.com/images/characters/Vasco_Shot.webp,2,Pirates
145,Vista,Male,Whitebeard Pirates,North Blue,Human,None,None,Observation;Armament,-1,328,47,Alive,Marineford,22,https://oparchive.com/images/characters/Vista.webp,2,Pirates
146,Bluejam,Male,Bluejam Pirates,East Blue (Dawn),Human,None,None,None,14300000,261,42,Unknown,Post-War,23,https://oparchive.com/images/characters/Bluejam.webp,3,Pirates
147,Porchemy,Male,Bluejam Pirates,East Blue (Dawn),Human,None,None,None,3400000,320,25,Deceased,Post-War,23,https://oparchive.com/images/characters/Porchemy.webp,3,Pirates
148,Sabo,Male,Revolutionary Army,East Blue (Dawn),Human,Mera Mera no Mi,Logia,Observation;Armament,3000000000,187,22,Alive,Post-War,23,https://oparchive.com/images/characters/Sabo.webp,1,Revolutionary Army
149,Caribou,Male,Caribou Pirates,North Blue,Human,Numa Numa no Mi,Logia,None,210000000,228,32,Alive,Return to Sabaody,24,https://oparchive.com/images/characters/Caribou.webp,2,Pirates
150,Coribou,Male,Caribou Pirates,North Blue,Human,None,None,None,190000000,250,29,Alive,Return to Sabaody,24,https://oparchive.com/images/characters/Coribou.webp,3,Pirates
151,Aladine,Male,Sun Pirates,Grand Line,Merfolk,None,None,None,-1,627,46,Alive,Fish-Man Island,25,https://oparchive.com/images/characters/Aladine.webp,3,Pirates
152,Charlotte Linlin [Big Mom],Female,Big Mom Pirates,Grand Line,Human,Soru Soru no Mi,Paramecia,Conquerors;Observation;Armament,4388000000,880,68,Unknown,Fish-Man Island,25,https://oparchive.com/images/characters/Charlotte_Linlin.webp,1,Pirates
153,Fisher Tiger,Male,Sun Pirates,Grand Line (Fishman),Fish-man,None,None,None,230000000,520,48,Deceased,Fish-Man Island,25,https://oparchive.com/images/characters/Fisher_Tiger.webp,2,Pirates
154,Donquixote Mjosgard,Male,World Government,Red Line (Mary Geoise),Human,None,None,None,0,211,35,Deceased,Fish-Man Island,25,https://oparchive.com/images/characters/Donquixote_Mjosgard.webp,3,World Govenrment
155,Hody Jones,Male,New Fish-Man Pirates,Grand Line (Fishman),Fish-man,None,None,None,0,331,30,Alive,Fish-Man Island,25,https://oparchive.com/images/characters/Hody_Jones.webp,1,Pirates
156,Pekoms,Male,Big Mom Pirates,Grand Line (Zou),Mink,Kame Kame no Mi,Zoan,Observation;Armament,330000000,232,27,Unknown,Fish-Man Island,25,https://oparchive.com/images/characters/Pekoms.webp,2,Pirates
157,Tamago,Male,Big Mom Pirates,Grand Line (Totto Land),Human-Longleg,Tama Tama no Mi,Zoan,Observation;Armament,429000000,301,46,Alive,Fish-Man Island,25,https://oparchive.com/images/characters/Tamago.webp,3,Pirates
158,Neptune,Male,Ryugu Kingdom,Grand Line (Fishman),Merfolk,None,None,None,0,1220,70,Alive,Fish-Man Island,25,https://oparchive.com/images/characters/Neptune.webp,2,World Government
159,Otohime,Female,Ryugu Kingdom,Grand Line (Fishman),Merfolk,None,None,Observation,0,224,36,Deceased,Fish-Man Island,25,https://oparchive.com/images/characters/Otohime.webp,3,World Government
160,Vander Decken IX,Male,New Fish-Man Pirates,Grand Line (Fishman),Fish-man,Mato Mato no Mi,Paramecia,None,-1,352,35,Alive,Fish-Man Island,25,https://oparchive.com/images/characters/Vander_Decken_Ix.webp,2,Pirates
161,Shirahoshi,Female,Ryugu Kingdom,Grand Line (Fishman),Merfolk,None,None,Observation,0,1187,16,Alive,Fish-Man Island,25,https://oparchive.com/images/characters/Shirahoshi.webp,2,World Government
162,Wadatsumi,Male,Sun Pirates,Grand Line (Fishman),Fish-man,None,None,None,-1,8000,25,Alive,Fish-Man Island,25,https://oparchive.com/images/characters/Wadatsumi.webp,2,Pirates
163,Baby 5,Female,Happo Navy;Donquixote Pirates,North Blue,Human,Buki Buki no Mi,Paramecia,None,-1,181,24,Alive,Punk Hazard,26,https://oparchive.com/images/characters/Baby_5.webp,2,Pirates
164,Buffalo,Male,Donquixote Pirates,North Blue,Human,Guru Guru no Mi,Paramecia,None,-1,696,30,Alive,Punk Hazard,26,https://oparchive.com/images/characters/Buffalo.webp,3,Pirates
165,Chadros Higelyges [Brownbeard],Male,Brownbeard Pirates,Grand Line,Human,None,None,None,80060000,691,45,Alive,Punk Hazard,26,https://oparchive.com/images/characters/Chadros_Higelyges.webp,3,Pirates
166,Giolla,Female,Donquixote Pirates,North Blue,Human,Ato Ato no Mi,Paramecia,None,-1,221,61,Alive,Dressrosa,27,https://oparchive.com/images/characters/Giolla.webp,3,Pirates
167,Caesar Clown,Male,Germa Kingdom,Grand Line,Human,Gasu Gasu no Mi,Logia,None,300000000,309,55,Alive,Punk Hazard,26,https://oparchive.com/images/characters/Caesar_Clown.webp,1,None
168,Gladius,Male,Donquixote Pirates,North Blue,Human,Pamu Pamu no Mi,Paramecia,None,31000000,260,33,Alive,Dressrosa,27,https://oparchive.com/images/characters/Gladius.webp,3,Pirates
169,Lao G,Male,Donquixote Pirates,North Blue,Human,None,None,None,61000000,157,70,Alive,Dressrosa,27,https://oparchive.com/images/characters/Lao_G.webp,2,Pirates
170,Machvise,Male,Donquixote Pirates,North Blue,Human,Ton Ton no Mi,Paramecia,None,11000000,440,52,Alive,Dressrosa,27,https://oparchive.com/images/characters/Machvise.webp,3,Pirates
171,Kinemon,Male,Kouzuki Family,Grand Line (Wano),Human,Fuku Fuku no Mi,Paramecia,Observation;Armament,0,295,36,Alive,Punk Hazard,26,https://oparchive.com/images/characters/Kinemon.webp,1,None
172,Kouzuki Momonosuke,Male,Kouzuki Family,Grand Line,Human,Uo Uo no Mi Model: Seiryu (Artificial),Zoan,Observation,0,110,8,Alive,Punk Hazard,26,https://oparchive.com/images/characters/Kouzuki_Momonosuke.webp,1,None
173,Monet,Female,Donquixote Pirates,North Blue,Human,Yuki Yuki no Mi,Logia,None,0,227,30,Deceased,Punk Hazard,26,https://oparchive.com/images/characters/Monet.webp,2,Pirates
174,Sugar,Female,Donquixote Pirates,North Blue,Human,Hobi Hobi no Mi,Paramecia,None,-1,110,22,Alive,Dressrosa,27,https://oparchive.com/images/characters/Sugar.webp,2,Pirates
175,Vergo,Male,Donquixote Pirates,North Blue,Human,None,None,Observation;Armament,0,247,41,Deceased,Punk Hazard,26,https://oparchive.com/images/characters/Vergo.webp,2,Pirates
176,Cavendish,Male,Beautiful Pirates;Straw Hat Grand Fleet,Grand Line,Human,None,None,Observation;Armament,330000000,208,26,Alive,Dressrosa,27,https://oparchive.com/images/characters/Cavendish.webp,2,Pirates
177,Dellinger,Male,Donquixote Pirates,North Blue,Human-Fish-man,None,None,None,15000000,145,16,Alive,Dressrosa,27,https://oparchive.com/images/characters/Dellinger.webp,2,Pirates
178,Bartolomeo,Male,Barto Club;Straw Hat Grand Fleet,East Blue,Human,Bari Bari no Mi,Paramecia,None,200000000,220,24,Unknown,Dressrosa,27,https://oparchive.com/images/characters/Bartolomeo.webp,2,Pirates
179,Bobby Funk,Male,Mogaro Kingdom,Grand Line,Human,None,None,None,36000000,320,33,Alive,Dressrosa,27,https://oparchive.com/images/characters/Bobby_Funk.webp,3,None
180,Diamante,Male,Donquixote Pirates,North Blue,Human,Hira Hira no Mi,Paramecia,Observation;Armament,99000000,525,45,Alive,Dressrosa,27,https://oparchive.com/images/characters/Diamante.webp,2,Pirates
181,Chinjao,Male,Happo Navy,West Blue (Kano),Human,None,None,Conquerors;Observation;Armament,542000000,520,78,Alive,Dressrosa,27,https://oparchive.com/images/characters/Chinjao.webp,2,None
182,Hajrudin,Male,New Giant Warrior Pirates,Grand Line (Elbaf),Giant,None,None,None,-1,2200,81,Alive,Dressrosa,27,https://oparchive.com/images/characters/Hajrudin.webp,1,Pirates
183,Kaidou,Male,Beasts Pirates,Grand Line,Human,Uo Uo no Mi Model: Seiryu,Zoan,Conquerors;Observation;Armament,4611100000,710,59,Unknown,Dressrosa,27,https://oparchive.com/images/characters/Kaidou.webp,1,Pirates
184,Donquixote Rosinante,Male,Marine,Red Line (Mary Geoise),Human,Nagi Nagi no Mi,Paramecia,None,-1,293,26,Deceased,Dressrosa,27,https://oparchive.com/images/characters/Donquixote_Rosinante.webp,2,Marine
185,Gismonda,Male,CP0,West Blue,Human,None,None,Unknown,0,-1,-1,Alive,Dressrosa,27,https://oparchive.com/images/characters/Gismonda.webp,3,World Government
186,Guernika,Male,CP0,West Blue,Human,None,None,Observation;Armament,0,243,42,Deceased,Dressrosa,27,https://oparchive.com/images/characters/Guernika.webp,3,World Government
187,Pica,Male,Donquixote Pirates,North Blue,Human,Ishi Ishi no Mi,Paramecia,Observation;Armament,99000000,470,40,Alive,Dressrosa,27,https://oparchive.com/images/characters/Pica.webp,2,Pirates
188,Issho [Fujitora],Male,Marine,Grand Line,Human,Zushi Zushi no Mi,Paramecia,Observation;Armament,3000000000,270,54,Alive,Dressrosa,27,https://oparchive.com/images/characters/Issho.webp,1,Marine
189,Joseph,Male,CP0,West Blue,Human-Longarm,None,None,Unknown,0,-1,-1,Alive,Dressrosa,27,https://oparchive.com/images/characters/Joseph.webp,3,World Government
190,Señor Pink [Senor Pink],Male,Donquixote Pirates,Grand Line,Human,Sui Sui no Mi,Paramecia,None,58000000,244,46,Alive,Dressrosa,27,https://oparchive.com/images/characters/Senor_Pink.webp,2,Pirates
191,Kelly Funk,Male,Mogaro Kingdom,Grand Line,Human,Jake Jake no Mi,Paramecia,None,57000000,168,36,Alive,Dressrosa,27,https://oparchive.com/images/characters/Kelly_Funk.webp,3,None
192,Koala,Female,Revolutionary Army,Grand Line,Human,None,None,Armament,-1,160,23,Alive,Fish-Man Island,25,https://oparchive.com/images/characters/Koala.webp,2,Revolutionary Army
193,Kurozumi Kanjuro,Male,Kurozumi Family,Grand Line (Wano),Human,Fude Fude no Mi,Paramecia,Observation;Armament,0,347,34,Deceased,Dressrosa,27,https://oparchive.com/images/characters/Kurozumi_Kanjuro.webp,1,None
194,Leo,Male,Tontatta Kingdom;Strawhat Grand Fleet,Grand Line (Dressrosa),Dwarf,Nui Nui no Mi,Paramecia,None,0,23,25,Alive,Dressrosa,27,https://oparchive.com/images/characters/Leo.webp,2,None
195,Mansherry,Female,Tontatta Kingdom,Grand Line (Dressrosa),Dwarf,Chiyu Chiyu no Mi,Paramecia,None,0,20,25,Alive,Dressrosa,27,https://oparchive.com/images/characters/Mansherry.webp,3,None
196,Orlumbus,Male,Yonta Maria Grand Fleet;Straw Hat Grand Fleet,Grand Line,Human,None,None,None,148000000,480,42,Alive,Dressrosa,27,https://oparchive.com/images/characters/Orlumbus.webp,2,None
197,Suleiman,Male,Beautiful Pirates;Straw Hat Grand Fleet,South Blue,Human,None,None,None,67000000,240,40,Alive,Dressrosa,27,https://oparchive.com/images/characters/Suleiman.webp,3,Pirates
198,Rebecca,Female,Dressrosa Kingdom,Grand Line (Dressrosa),Human,None,None,Observation,0,171,16,Alive,Dressrosa,27,https://oparchive.com/images/characters/Rebecca.webp,2,World Government
199,Riku Doldo III,Male,Dressrosa Kingdom,Grand Line (Dressrosa),Human,None,None,None,0,261,60,Alive,Dressrosa,27,https://oparchive.com/images/characters/Riku_Doldo_Iii.webp,2,World Government
200,Sai,Male,Happo Navy;Straw Hat Grand Fleet,West Blue (Kano),Human,None,None,Observation;Armament,210000000,242,28,Alive,Dressrosa,27,https://oparchive.com/images/characters/Sai.webp,2,None
201,Scarlett,Female,Dressrosa Kingdom,Grand Line (Dressrosa,Human,None,None,None,0,-1,25,Deceased,Dressrosa,27,https://oparchive.com/images/characters/Scarlett.webp,3,World Government
202,Trebol,Male,Donquixote Pirates,North Blue,Human,Beta Beta no Mi,Paramecia,Observation;Armament,99000000,349,49,Alive,Dressrosa,27,https://oparchive.com/images/characters/Trebol.webp,2,Pirates
203,Viola,Female,Dressrosa Kingdom,Grand Line (Dressrosa),Human,Giro Giro no Mi,Paramecia,None,0,178,29,Alive,Dressrosa,27,https://oparchive.com/images/characters/Viola.webp,2,World Government
204,Buckingham Stussy,Female,None;Rocks Pirates,Grand Line,Human,None,None,None,-1,68,76,Alive,Zou,28,https://oparchive.com/images/characters/Buckingham_Stussy.webp,3,Pirates
205,Jack,Male,Beasts Pirates,Grand Line,Fish-man,Zou Zou no Mi Model: Mammoth,Zoan,Observation;Armament,1000000000,830,28,Alive,Zou,28,https://oparchive.com/images/characters/Jack.webp,1,Pirates
206,Vito,Male,Fire Tank Pirates,West Blue,Human,None,None,None,95000000,242,36,Alive,Zou,28,https://oparchive.com/images/characters/Vito.webp,3,Pirates
207,Carrot,Female,Mokomo Dukedom,Grand Line (Zou),Mink,None,None,None,0,161,15,Alive,Zou,28,https://oparchive.com/images/characters/Carrot.webp,1,None
208,Edward Weevil,Male,Seven Warlords,Grand Line,Human,None,None,Observation;Armament,480000000,680,35,Alive,Zou,28,https://oparchive.com/images/characters/Edward_Weevil.webp,2,None
209,Inuarashi [Dog Storm],Male,Mokomo Dukedom,Grand Line (Zou),Mink,None,None,Observation;Armament,0,511,40,Alive,Zou,28,https://oparchive.com/images/characters/Inuarashi.webp,1,None
210,Nekomamushi [Cat Viper],Male,Mokomo Dukedom,Grand Line (Zou),Mink,None,None,Observation;Armament,0,522,40,Alive,Zou,28,https://oparchive.com/images/characters/Nekomamushi.webp,1,None
211,Pedro,Male,Mokomo Dukedom,Grand Line (Zou),Mink,None,None,Observation;Armament,382000000,233,32,Deceased,Zou,28,https://oparchive.com/images/characters/Pedro.webp,1,None
212,Raizo,Male,Kouzuki Family,Grand Line (Wano),Human,Maki Maki no Mi,Paramecia,Observation;Armament,0,311,35,Alive,Zou,28,https://oparchive.com/images/characters/Raizo.webp,2,None
213,Wanda,Female,Mokomo Dukedom,Grand Line (Zou),Mink,None,None,None,0,181,28,Alive,Zou,28,https://oparchive.com/images/characters/Wanda.webp,2,None
214,Napoleon,Male,Big Mom Pirates,Grand Line,Object,None,None,None,0,848,-1,Unknown,Whole Cake Island,29,https://oparchive.com/images/characters/Napoleon.webp,2,Pirates
215,Charlotte Brûlée [Brulee],Female,Big Mom Pirates,Grand Line (Totto Land),Human,Mira Mira no Mi,Paramecia,None,-1,350,43,Alive,Whole Cake Island,29,https://oparchive.com/images/characters/Charlotte_Brûlée.webp,2,Pirates
216,Charlotte Chiffon,Female,Fire Tank Pirates,Grand Line (Totto Land),Human,None,None,None,-1,215,26,Alive,Whole Cake Island,29,https://oparchive.com/images/characters/Charlotte_Chiffon.webp,3,Pirates
217,Charlotte Cracker,Male,Big Mom Pirates,Grand Line (Totto Land),Human,Bisu Bisu no Mi,Paramecia,Observation;Armament,860000000,307,45,Alive,Whole Cake Island,29,https://oparchive.com/images/characters/Charlotte_Cracker.webp,2,Pirates
218,Charlotte Daifuku,Male,Big Mom Pirates,Grand Line (Totto Land),Human,Hoya Hoya no Mi,Paramecia,Observation;Armament,300000000,489,48,Alive,Whole Cake Island,29,https://oparchive.com/images/characters/Charlotte_Daifuku.webp,2,Pirates
219,Charlotte Katakuri,Male,Big Mom Pirates,Grand Line (Totto Land),Human,Mochi Mochi no Mi (Awakened),Paramecia,Conquerors;Observation;Armament,1057000000,509,48,Alive,Whole Cake Island,29,https://oparchive.com/images/characters/Charlotte_Katakuri.webp,1,Pirates
220,Charlotte Mont-dOr,Male,Big Mom Pirates,Grand Line (Totto Land),Human,Buku Buku no Mi,Paramecia,None,120000000,260,38,Alive,Whole Cake Island,29,https://oparchive.com/images/characters/Charlotte_Mont_Dor.webp,2,Pirates
221,Charlotte Oven,Male,Big Mom Pirates,Grand Line (Totto Land),Human,Netsu Netsu no Mi,Paramecia,Observation;Armament,300000000,492,48,Alive,Whole Cake Island,29,https://oparchive.com/images/characters/Charlotte_Oven.webp,2,Pirates
222,Charlotte Perospero,Male,Big Mom Pirates,Grand Line (Totto Land),Human,Pero Pero no Mi,Paramecia,Observation;Armament,700000000,333,50,Alive,Whole Cake Island,29,https://oparchive.com/images/characters/Charlotte_Perospero.webp,1,Pirates
223,Charlotte Praline,Female,Sun Pirates,Grand Line (Totto Land),Human-Merfolk,None,None,None,-1,800,29,Alive,Whole Cake Island,29,https://oparchive.com/images/characters/Charlotte_Praline.webp,3,Pirates
224,Charlotte Pudding,Female,Big Mom Pirates,Grand Line (Totto Land),Human-Three-Eye,Memo Memo no Mi,Paramecia,None,-1,166,16,Alive,Whole Cake Island,29,https://oparchive.com/images/characters/Charlotte_Pudding.webp,2,Pirates
225,Charlotte Smoothie,Female,Big Mom Pirates,Grand Line (Totto Land),Human-Longleg,Shibo Shibo no Mi,Paramecia,Observation;Armament,932000000,464,35,Alive,Whole Cake Island,29,https://oparchive.com/images/characters/Charlotte_Smoothie.webp,2,Pirates
226,Gotti,Male,Fire Tank Pirates,West Blue,Human,None,None,None,90000000,375,33,Alive,Whole Cake Island,29,https://oparchive.com/images/characters/Gotti.webp,3,Pirates
227,Jarul,Male,Giant Warrior Pirates,Grand Line (Elbaf),Giant,None,None,None,-1,2050,408,Alive,Whole Cake Island,29,https://oparchive.com/images/characters/Jarul.webp,3,Pirates
228,Prometheus,Male,Big Mom Pirates,Grand Line,Object,None,None,None,0,239,-1,Unknown,Whole Cake Island,29,https://oparchive.com/images/characters/Prometheus.webp,2,Pirates
229,Morgans,Male,None,Grand Line,Human,Tori Tori no Mi Model: Albatross,Zoan,None,0,305,53,Alive,Whole Cake Island,29,https://oparchive.com/images/characters/Morgans.webp,3,None
230,Pound,Male,None,Grand Line,Human,None,None,None,0,731,48,Alive,Whole Cake Island,29,https://oparchive.com/images/characters/Pound.webp,3,None
231,Zeus,Male,Straw Hat Pirates,Grand Line,Object,None,None,None,0,232,-1,Alive,Whole Cake Island,29,https://oparchive.com/images/characters/Zeus.webp,2,Pirates
232,Stussy,Female,None;CP0,Grand Line,Human-Clone,Batto Batto no Mi,Zoan,Observation;Armament,0,179,36,Unknown,Whole Cake Island,29,https://oparchive.com/images/characters/Stussy.webp,2,World Government
233,Vinsmoke Ichiji,Male,Germa Kingdom,North Blue (Germa),Human,None,None,None,0,186,21,Alive,Whole Cake Island,29,https://oparchive.com/images/characters/Vinsmoke_Ichiji.webp,2,None
234,Vinsmoke Judge,Male,Germa Kingdom,North Blue (Germa),Human,None,None,None,0,272,56,Alive,Whole Cake Island,29,https://oparchive.com/images/characters/Vinsmoke_Judge.webp,1,None
235,Vinsmoke Niji,Male,Germa Kingdom,North Blue (Germa),Human,None,None,None,0,185,21,Alive,Whole Cake Island,29,https://oparchive.com/images/characters/Vinsmoke_Niji.webp,2,None
236,Vinsmoke Reiju,Female,Germa Kingdom,North Blue (Germa),Human,None,None,None,0,173,24,Alive,Whole Cake Island,29,https://oparchive.com/images/characters/Vinsmoke_Reiju.webp,2,None
237,Vinsmoke Sora,Female,Germa Kingdom,North Blue,Human,None,None,None,0,-1,-1,Deceased,Whole Cake Island,29,https://oparchive.com/images/characters/Vinsmoke_Sora.webp,3,None
238,Vinsmoke Yonji,Male,Germa Kingdom,North Blue (Germa),Human,None,None,None,0,194,21,Alive,Whole Cake Island,29,https://oparchive.com/images/characters/Vinsmoke_Yonji.webp,2,None
239,Belo Betty,Female,Revolutionary Army,East Blue,Human,Kobu Kobu no Mi,Paramecia,Observation;Armament,457000000,196,34,Alive,Reverie,30,https://oparchive.com/images/characters/Belo_Betty.webp,3,Revolutionary Army
240,Karasu,Male,Revolutionary Army,North Blue,Human,Susu Susu no Mi,Logia,Observation;Armament,400000000,265,47,Alive,Reverie,30,https://oparchive.com/images/characters/Karasu.webp,3,Revolutionary Army
241,Kinderella,Female,Evil Black Drum Kingdom,South Blue,Human,None,None,None,0,-1,-1,Alive,Reverie,30,https://oparchive.com/images/characters/Kinderella.webp,3,World Government
242,Lindbergh,Male,Revolutionary Army,Grand Line (Zou),Mink,None,None,Observation;Armament,316000000,149,37,Alive,Reverie,30,https://oparchive.com/images/characters/Lindbergh.webp,3,Revolutionary Army
243,Morley,Male,Revolutionary Army,West Blue,Giant,Oshi Oshi no Mi,Paramecia,Observation;Armament,293000000,1253,160,Alive,Reverie,30,https://oparchive.com/images/characters/Morley.webp,3,Revolutionary Army
244,Nerona Imu,Male,World Government,Red Line (Mary Geoise),Unknown,Akuma No Mi (Awakened),Zoan,Conquerors;Observation,0,-1,-1,Alive,Reverie,30,https://oparchive.com/images/characters/Imu.webp,1,World Govenrment
245,Alber [King],Male,Beasts Pirates,Red Line,Lunarian,Ryu Ryu no Mi Model: Pteranodon,Zoan,Observation;Armament,1390000000,613,47,Alive,Wano Country,31,https://oparchive.com/images/characters/King.webp,1,Pirates
246,Black Maria,Female,Beasts Pirates,Grand Line (Wano),Human,Kumo Kumo no Mi Model: Rosamygale Grauvogeli,Zoan,Observation;Armament,480000000,820,29,Alive,Wano Country,31,https://oparchive.com/images/characters/Black_Maria.webp,3,Pirates
247,Aramaki [Ryokugyu],Male,Marine,South Blue,Human,Mori Mori no Mi,Logia,Observation;Armament,3000000000,308,41,Alive,Wano Country,31,https://oparchive.com/images/characters/Aramaki.webp,2,Marine
248,Ashura Doji,Male,Kouzuki Family,Grand Line (Wano),Human,None,None,Observation;Armament,0,544,56,Deceased,Wano Country,31,https://oparchive.com/images/characters/Ashura_Doji.webp,2,None
249,Hera,Female,Big Mom Pirates,Grand Line (Wano),Object,None,None,None,0,212,-1,Unknown,Wano Country,31,https://oparchive.com/images/characters/Hera.webp,2,Pirates
250,Denjiro [Kyoshiro],Male,Kouzuki Family,Grand Line (Wano),Human,None,None,Observation;Armament,0,306,47,Alive,Wano Country,31,https://oparchive.com/images/characters/Denjiro.webp,2,None
251,Page One,Male,Beasts Pirates,Grand Line,Human,Ryu Ryu no Mi Model: Spinosaurus,Zoan,Observation;Armament,290000000,171,20,Alive,Wano Country,31,https://oparchive.com/images/characters/Page_One.webp,2,Pirates
252,Hyougoro,Male,None,Grand Line (Wano),Human,None,None,Observation;Armament,0,100,70,Alive,Wano Country,31,https://oparchive.com/images/characters/Hyougoro.webp,2,None
253,Kawamatsu,Male,Kouzuki Family,Grand Line (Fishman),Fish-man,None,None,Observation;Armament,0,271,41,Alive,Wano Country,31,https://oparchive.com/images/characters/Kawamatsu.webp,2,None
254,Kikunojo,Male,Kouzuki Family,Grand Line (Wano),Human,None,None,Observation;Armament,0,287,22,Alive,Wano Country,31,https://oparchive.com/images/characters/Kikunojo.webp,2,None
255,Kouzuki Hiyori,Female,Kouzuki Family,Grand Line,Human,None,None,None,0,170,26,Alive,Wano Country,31,https://oparchive.com/images/characters/Kouzuki_Hiyori.webp,2,None
256,Kouzuki Oden,Male,Kouzuki Family,Grand Line (Wano),Human,None,None,Conquerors;Observation;Armament,0,382,39,Deceased,Wano Country,31,https://oparchive.com/images/characters/Kouzuki_Oden.webp,1,None
257,Kouzuki Sukiyaki [Tengu],Male,Kouzuki Family,Grand Line (Wano),Human,None,None,None,0,214,81,Alive,Wano Country,31,https://oparchive.com/images/characters/Kouzuki_Sukiyaki.webp,3,None
258,Kurozumi Orochi,Male,Kurozumi Family,Grand Line (Wano),Human,Hebi Hebi no Mi Model: Yamata no Orochi,Zoan,None,0,350,54,Deceased,Wano Country,31,https://oparchive.com/images/characters/Kurozumi_Orochi.webp,1,None
259,Kurozumi Semimaru,Male,Kurozumi Family,Grand Line (Wano),Human,Bari Bari no Mi,Paramecia,None,0,227,83,Deceased,Wano Country,31,https://oparchive.com/images/characters/Kurozumi_Semimaru.webp,3,None
260,Maha,Male,CP0,West Blue,Human,None,None,None,0,-1,-1,Unknown,Wano Country,31,https://oparchive.com/images/characters/Maha.webp,3,World Government
261,Sasaki,Male,Beasts Pirates,Grand Line,Fish-man,Ryu Ryu no Mi Model: Triceratops,Zoan,Observation;Armament,472000000,318,34,Alive,Wano Country,31,https://oparchive.com/images/characters/Sasaki.webp,3,Pirates
262,Prince Grus,Male,Marine;SWORD,West Blue,Human,Gunyo Gunyo no Mi,Unknown,Observation;Armament,500000000,205,29,Alive,Wano Country,31,https://oparchive.com/images/characters/Prince_Grus.webp,3,Marine
263,Scien [Queen],Male,Beasts Pirates,Grand Line,Human,Ryu Ryu no Mi Model: Brachiosaurus,Zoan,Observation;Armament,1320000000,612,56,Alive,Wano Country,31,https://oparchive.com/images/characters/Queen.webp,1,Pirates
264,Ulti,Female,Beasts Pirates,Grand Line,Human,Ryu Ryu no Mi Model: Pachycephalosaurus,Zoan,Observation;Armament,400000000,173,22,Alive,Wano Country,31,https://oparchive.com/images/characters/Ulti.webp,2,Pirates
265,Shimotsuki Yasuie,Male,Shimotsuki Family,Grand Line (Wano),Human,None,None,None,0,155,71,Deceased,Wano Country,31,https://oparchive.com/images/characters/Shimotsuki_Yasuie.webp,3,None
266,Shinobu,Female,Kouzuki Family,Grand Line (Wano),Human,Juku Juku no Mi,Paramecia,None,0,180,49,Alive,Wano Country,31,https://oparchive.com/images/characters/Shinobu.webp,2,None
267,Toko,Female,Shimotsuki Family,Grand Line (Wano),Human,None,None,None,0,89,6,Alive,Wano Country,31,https://oparchive.com/images/characters/Toko.webp,3,None
268,Whos-Who,Male,Beasts Pirates,North Blue,Human,Neko Neko no Mi Model: Saber Tiger,Zoan,Observation;Armament,546000000,336,38,Alive,Wano Country,31,https://oparchive.com/images/characters/Who's-who.webp,2,Pirates
269,Yamato,Female,Kouzuki Family,Grand Line (Wano),Human,Inu Inu no Mi Model: Okuchi no Makami,Zoan,Conquerors;Observation;Armament,0,263,28,Alive,Wano Country,31,https://oparchive.com/images/characters/Yamato.webp,1,None
270,Atlas [Vegapunk],Female,None;Marine (SSG),Grand Line (Egghead),Robot,None,None,None,0,729,216,Alive,Egghead,32,https://oparchive.com/images/characters/Atlas.webp,2,None
271,Edison [Vegapunk],Male,None;Marine (SSG),Grand Line (Egghead),Robot,None,None,None,0,100,218,Alive,Egghead,32,https://oparchive.com/images/characters/Edison.webp,2,None
272,Figarland Garling,Male,World Government,Red Line (Mary Geoise),Human,None,None,Conqueror;Armament;Observation,0,-1,-1,Alive,Egghead,32,https://oparchive.com/images/characters/Figarland_Garling.webp,2,World Govenrment
273,Ginny,Female,Revolutionary Army,Grand Line,Human,None,None,None,190000000,174,39,Deceased,Egghead,32,https://oparchive.com/images/characters/Ginny.webp,3,Revolutionary Army
274,Hibari,Female,Marine,North Blue,Human,None,None,Observation;Armament,200000000,165,17,Alive,Egghead,32,https://oparchive.com/images/characters/Hibari.webp,3,Marine
275,Lilith [Vegapunk],Female,None;Marine (SSG),Grand Line (Egghead),Robot,None,None,None,0,204,224,Alive,Egghead,32,https://oparchive.com/images/characters/Lilith.webp,2,None
276,Nefertari D. Lili,Female,Alabasta Kingdom,Grand Line (Alabasta),Human,None,None,None,0,-1,-1,Deceased,Egghead,32,https://oparchive.com/images/characters/Nefertari_D._Lili.webp,2,World Government
277,Pythagoras [Vegapunk],Male,None;Marine (SSG),Grand Line (Egghead),Robot,None,None,None,0,341,226,Deceased,Egghead,32,https://oparchive.com/images/characters/Pythagoras.webp,2,None
278,Shaka [Vegapunk],Male,None;Marine (SSG),Grand Line (Egghead),Robot,None,None,None,0,220,230,Deceased,Egghead,32,https://oparchive.com/images/characters/Shaka.webp,2,None
279,Stella [Vegapunk],Male,None;Marine (SSG),Grand Line,Human,Nomi Nomi no Mi,Paramecia,None,0,314,65,Deceased,Egghead,32,https://oparchive.com/images/characters/Vegapunk.webp,1,None
280,York [Vegapunk],Female,World Government;Marine (SSG),Grand Line (Egghead),Robot,None,None,None,0,482,216,Alive,Egghead,32,https://oparchive.com/images/characters/York.webp,1,World Govenrment
281,Scopper Gaban,Male,None;Roger Pirates,East Blue,Human,None,None,Conquerors;Observation;Armament,-1,-1,-1,Alive,Elbaf,33,https://oparchive.com/images/characters/Scopper_Gaban.webp,2,Pirates
282,Davy D. Xebec [Rocks],Male,Rocks Pirates,West Blue (God Valley),Human,Unknown,Unknown,Conquerors;Armament,-1,-1,43,Deceased,Elbaf,33,https://oparchive.com/images/characters/Rocks_D._Xebec.webp,2,Pirates
283,Figarland Shamrock,Male,World Government,West Blue (God Valley),Human,None,None,Conqueror;Armament;Observation,0,-1,39,Alive,Elbaf,33,https://oparchive.com/images/characters/Figarland_Shamrock.webp,1,World Govenrment
284,Loki,Male,None,Grand Line (Elbaf),Giant,Ryu Ryu no Mi Model: Nidhoggr,Zoan,Conquerors;Observation;Armament,2600000000,67000,49,Alive,Elbaf,33,https://oparchive.com/images/characters/Loki.webp,1,None
285,Ragnir,Male,None,Grand Line (Elbaf),Object,Risu Risu no Mi Model: Ratatoskr,Zoan,None,0,-1,-1,Alive,Elbaf,33,https://oparchive.com/images/characters/Ragnir.webp,3,None
286,Shuri [Manmayer Gunko],Female,World Government,West Blue (Esperia),Human,Aro Aro no Mi,Paramecia,Observation,0,-1,77,Alive,Elbaf,33,https://oparchive.com/images/characters/Gunko.webp,2,World Govenrment
415,Elizabello II,Male,Prodence Kingdom,Grand Line (Prodence),Human,None,None,None,0,436,57,Alive,Dressrosa,27,https://oparchive.com/images/characters/Elizabello_Ii.webp,3,World Government
827,Kyros,Male,None,Grand Line (Dressrosa),Human,None,None,None,0,298,44,Alive,Dressrosa,27,https://oparchive.com/images/characters/Kyros.webp,2,None
737,Karoo,Male,Alabasta Kingdom,Grand Line (Alabasta),Animal,None,None,None,0,150,16,Alive,Whisky Peak,8,https://oparchive.com/images/characters/Karoo.webp,3,World Government
783,Kokoro,Female,Tom's Workers,Grand Line (Fishman Island),Merfolk,None,None,None,0,168,72,Alive,Water 7,15,https://oparchive.com/images/characters/Kokoro.webp,3,None
1396,Tom,Male,Tom's Workers,Grand Line (Fishman Island),Fish-man,None,None,None,0,296,67,Deceased,Water 7,15,https://oparchive.com/images/characters/Tom.webp,3,None
824,Kurozumi Tama,Female,Kurozumi Family,Grand Line (Wano),Human,Kibi Kibi no Mi,Paramecia,None,0,108,8,Alive,Wano Country,31,https://oparchive.com/images/characters/Kurozumi_Tama.webp,3,None
1501,Wyper,Male,None,Sky Islands,Moon people - Shandian,None,None,None,0,183,24,Alive,Skypiea,13,https://oparchive.com/images/characters/Wyper.webp,3,None
460,Fukurokuju,Male,Kurozumi Family,Grand Line (Wano),Human,None,None,Unknown,0,221,61,Unknown,Wano Country,31,https://oparchive.com/images/characters/Fukurokuju.webp,3,None
1093,Pappag,Male,Criminal,Grand Line (Ryugu Kingdom),Animal,None,None,,0,50,33,Alive,Alabasta,11,https://oparchive.com/images/characters/Pappag.webp,3,None
171,Camie,Female,Mermaid Café,Grand Line (Ryugu Kingdom),Merfolk,None,None,,0,197,18,Alive,Alabasta,11,https://oparchive.com/images/characters/Camie.webp,3,None
742,Kashii,Male,Giant Warrior Pirates,Grand Line (Elbaf),Giant,None,None,,0,1700,156,Alive,Enies Lobby,16,https://oparchive.com/images/characters/Kashii.webp,3,Pirates
1068,Oimo,Male,Giant Warrior Pirates,Grand Line (Elbaf),Giant,None,None,,0,1600,153,Alive,Enies Lobby,16,https://oparchive.com/images/characters/Oimo.webp,3,Pirates
1313,Sodom,Male,Franky Family,Unknown,Animal,None,None,,0,-1,-1,Alive,Water 7,15,https://oparchive.com/images/characters/Sodom.webp,3,None
522,Gomorrah,Male,Franky Family,Unknown,Animal,None,None,,0,-1,-1,Alive,Water 7,15,https://oparchive.com/images/characters/Gomorrah.webp,3,None
775,Kiwi,Female,Franky Family,Grand Line (Water 7),Human,None,None,,0,187,22,Alive,Water 7,15,https://oparchive.com/images/characters/Kiwi.webp,3,None
988,Mozu,Female,Franky Family,Grand Line (Water 7),Human,None,None,,0,187,21,Alive,Water 7,15,https://oparchive.com/images/characters/Mozu.webp,3,None
1114,Pierre,Male,None,Unknown,Animal,Uma Uma no Mi,Zoan,,0,-1,-1,Alive,Skypiea,13,https://oparchive.com/images/characters/Pierre.webp,3,None
1063,Oars,Male,Thriller Bark Pirates,North Blue,Ancient Giant,None,None,,0,6700,159,Deceased,Thriller Bark,18,https://oparchive.com/images/characters/Oars.webp,2,Pirates
1077,Onimaru,Male,Shimotsuki Family,Unknown,Animal,Hito Hito no Mi Model: Onyudo,Zoan,,0,428,69,Alive,Wano Country,31,https://oparchive.com/images/characters/Onimaru.webp,3,None
101,Biblo,Male,None,Grand Line (Elbaf),Animal,Iku Iku no Mi,Paramecia,,0,-1,-1,Alive,Elbaf,33,https://oparchive.com/images/characters/Biblo.webp,3,None
1496,Wicca,Female,Tontatta Kingdom,Unknown,Dwarf,None,None,,0,-1,27,Alive,Dressrosa,27,https://oparchive.com/images/characters/Wicca.webp,3,None
564,Harald,Male,None,Grand Line (Elbaph),Giant,None,None,Conquerors,0,-1,144,Deceased,Elbaf,33,https://oparchive.com/images/characters/Harald.webp,3,World Govenrment
1179,Ripley,Female,None,Unknown,Giant,None,None,,0,-1,80,Alive,Elbaf,33,https://oparchive.com/images/characters/Ripley.webp,3,None
704,Joy Boy,Male,Unknown,Great Kingdom,Human,Hito Hito no Mi Model: Nika (Awakened),Zoan,Conquerors,-1,-1,-1,Deceased,Egghead,32,https://oparchive.com/images/characters/Joy_Boy.webp,3,Pirates
379,Doll,Female,Marine,Unknown,Human,None,None,Armament,500000000,-1,-1,Alive,Egghead,32,https://oparchive.com/images/characters/Doll.webp,3,Marine
1277,Shepherd Sommers,Male,Knights of God,Unknown,Human,Iba Iba no Mi,Paramecia,,0,-1,-1,Alive,Elbaf,33,https://oparchive.com/images/characters/Shepherd_Sommers.webp,3,World Govenrment
1176,Rimoshifu Killingham,Male,Knights of God,Unknown,Human,Ryu Ryu no Mi Model: Qilin (Awakened),Zoan,,0,-1,-1,Alive,Elbaf,33,https://oparchive.com/images/characters/Rimoshifu_Killingham.webp,3,World Govenrment
1242,Satchels Maffey,Male,Knights of God,Unknown,Human,None,None,,0,-1,-1,Unknown,Elbaf,33,https://oparchive.com/images/characters/Satchels_Maffey.webp,3,World Govenrment
2,Abdullah,Male,Ideo Pirates,Unknown,Human,None,None,,-1,-1,-1,Alive,Dressrosa,27,https://oparchive.com/images/characters/Abdullah.webp,3,Pirates
122,Blue Gilly,Male,Ideo Pirates,Grand Line,Longleg,None,None,,-1,314,24,Alive,Dressrosa,27,https://oparchive.com/images/characters/Blue_Gilly.webp,3,Pirates
637,Ideo,Male,Ideo Pirates,Grand Line,Longarm,None,None,,-1,225,22,Alive,Dressrosa,27,https://oparchive.com/images/characters/Ideo.webp,3,Pirates
682,Jeet,Male,Ideo Pirates,Unknown,Human,None,None,,-1,-1,-1,Alive,Dressrosa,27,https://oparchive.com/images/characters/Jeet.webp,3,Pirates
1243,Satori,Male,None,Sky Island,Moon people - Birkan,None,None,Observation,0,179,27,Unknown,Skypiea,13,https://oparchive.com/images/characters/Satori.webp,3,None
15,Aisa,Female,None,Sky Island,Moon people - Shandian,None,None,Observation,0,140,11,Alive,Skypiea,13,https://oparchive.com/images/characters/Aisa.webp,3,None
318,Conis,Female,None,Sky Island,Moon people - Skypiean,None,None,,0,176,21,Alive,Skypiea,13,https://oparchive.com/images/characters/Conis.webp,3,None
1085,Pagaya,Male,None,Sky Island,Moon people - Skypiean,None,None,,0,179,54,Alive,Skypiea,13,https://oparchive.com/images/characters/Pagaya.webp,3,None